FeedbackID,UserName,ReplyTo,Content,Institution
1684323539,Margaret,-1,Where dreams take flight,Massachusetts Institute of Technology (MIT) 
1684324041,Donald,1684323539,Top 1 University,Massachusetts Institute of Technology (MIT) 
1684324543,Susan,-1,This is a feedback content,University of Cambridge
1684325045,John,-1,Feedback that encompasses the holistic user experience,Massachusetts Institute of Technology (MIT) 
1684325547,Michael,1684324543,any other general observations or suggestions,University of Cambridge
1684326049,Michael,1684325045, It's essential to gather comprehensive feedback,Massachusetts Institute of Technology (MIT) 
1684326551,Susan,1684325045,overall user experience when encountering errors,University of Cambridge
1684327053,Joseph,-1,This university is cool,University of Cambridge
1684327555,Sandra,-1,Feedback specifically addressing the usability of the website,Massachusetts Institute of Technology (MIT) 
1684328057,Robert,-1,Feedback concerning the usability of forms,University of Cambridge
1684328559,Donald,1684327053,I love this university,University of Cambridge
1684329061,Donald,1684327555,Love this university too,Massachusetts Institute of Technology (MIT) 
1684329563,Michael,1684327053,What's the course that this university provides,University of Cambridge
1684330065,Michael,1684327555,This is a new comment,Massachusetts Institute of Technology (MIT) 
1684330567,Donald,1684328057,Wow I like this university,University of Cambridge
1684331069,Donald,1684328057,Oh I like this university too,University of Cambridge
